1,0.2,250,7.06,02-608-6,6,2.00,FALSE
2,0.4,250,14.13,05-608-6,6,1.00,FALSE
3,0.4,250,14.13,05-609-6,6,3.32,FALSE
4,0.75,250,26.49,1-609-6,6,1.77,FALSE
5,0.75,250,26.49,1-610-6,6,2.95,FALSE
6,1.5,250,52.97,2-610-6,6,1.47,FALSE
7,1.5,250,52.97,2-611-6,6,3.31,FALSE
8,2.2,250,77.7,3-610-6,6,1.00,FALSE
9,2.2,250,77.7,3-611-6,6,2.25,FALSE
10,3.7,250,130.47,5-611-6,6,1.34,FALSE
11,3.7,250,130.47,5-612-6,6,1.79,FALSE
12,5.5,250,194.24,8-612-6,6,1.20,FALSE
13,5.5,250,194.24,8-613-6,6,1.81,FALSE
14,7.5,250,264.87,10-613-6,6,1.33,FALSE
15,7.5,250,264.87,10-615-6,6,1.73,FALSE
16,11,250,388.48,15-615-6,6,1.18,FALSE
17,11,250,388.48,15-616-6,6,1.33,FALSE
18,15,250,529.74,20-617-96,6,1.43,FALSE
19,18.5,250,653.35,25-617-6,6,1.16,FALSE
20,0.2,188,9.42,02-608-8,8,2.00,FALSE
21,0.4,188,18.84,05-608-8,8,1.00,FALSE
22,0.4,188,18.84,05-609-8,8,3.38,FALSE
23,0.75,188,35.32,1-609-8,8,1.80,FALSE
24,0.75,188,35.32,1-610-8,8,3.63,FALSE
25,1.5,188,70.63,2-610-8,8,1.81,FALSE
26,1.5,188,70.63,2-611-8,8,3.34,FALSE
27,2.2,188,103.99,3-610-8,8,1.24,FALSE
28,2.2,188,103.99,3-611-8,8,2.28,FALSE
29,3.7,188,174.62,5-611-8,8,1.36,FALSE
30,3.7,188,174.62,5-612-8,8,1.84,FALSE
31,5.5,188,258.98,8-612-8,8,1.24,FALSE
32,5.5,188,258.98,8-613-8,8,1.82,FALSE
33,7.5,188,353.16,10-613-8,8,1.33,FALSE
34,7.5,188,353.16,10-615-8,8,1.73,FALSE
35,11,188,517.97,15-615-8,8,1.18,FALSE
36,11,188,517.97,15-616-8,8,1.62,FALSE
37,15,188,706.32,20-616-8,8,1.19,FALSE
38,0.2,136,12.95,02-607-11,11,1.20,FALSE
39,0.2,136,12.95,02-608-11,11,2.00,FALSE
40,0.4,136,25.9,05-608-11,11,1.00,FALSE
41,0.4,136,25.9,05-609-11,11,3.05,FALSE
42,0.75,136,48.56,1-609-11,11,1.63,FALSE
43,0.75,136,48.56,1-610-11,11,3.62,FALSE
44,1.5,136,97.12,2-610-11,11,1.81,FALSE
45,1.5,136,97.12,2-611-11,11,3.35,FALSE
46,2.2,136,142.25,3-610-11,11,1.24,FALSE
47,2.2,136,142.25,3-611-11,11,2.29,FALSE
48,3.7,136,239.36,5-611-11,11,1.36,FALSE
49,3.7,136,239.36,5-613-11,11,2.62,FALSE
50,5.5,136,356.1,8-613-11,11,1.76,FALSE
51,7.5,136,485.6,10-613-11,11,1.29,FALSE
52,7.5,136,485.6,10-614-11,11,1.31,FALSE
53,11,136,712.21,15-615-11,11,1.18,FALSE
54,11,136,712.21,15-616-11,11,1.64,FALSE
55,15,136,971.19,20-616-11,11,1.21,FALSE
56,15,136,971.19,20-617-11,11,1.80,FALSE
57,18.5,136,1196.82,25-617-11,11,1.45,FALSE
58,18.5,136,1196.82,25-618-11,11,1.74,FALSE
59,22,136,1422.45,30-617-11,11,1.23,FALSE
60,22,136,1422.45,30-618-11,11,1.47,FALSE
61,30,136,1942.38,10-618-11,11,1.08,FALSE
62,30,136,1942.38,40-619-11,11,1.44,FALSE
63,37,136,2393.64,50-619-11,11,1.17,FALSE
64,37,136,2393.64,50-620-11,11,1.56,FALSE
65,45,136,2913.57,60-620-11,11,1.28,FALSE
66,45,136,2913.57,60-621-11,11,1.55,FALSE
67,55,136,3561.03,75-621-11,11,1.27,FALSE
68,55,136,3561.03,75-622-11,11,1.75,FALSE
69,75,136,4855.95,100-622-11,11,1.29,FALSE
70,0.2,115,15.3,02-607-13,13,1.20,FALSE
71,0.2,115,15.3,02-608-13,13,2.00,FALSE
72,0.4,115,30.61,05-608-13,13,1.00,FALSE
73,0.4,115,30.61,05-609-13,13,3.00,FALSE
74,0.75,115,57.39,1-609-13,13,1.60,FALSE
75,0.75,115,57.39,1-610-13,13,3.54,FALSE
76,1.5,115,114.78,2-610-13,13,1.77,FALSE
77,1.5,115,114.78,2-611-13,13,3.24,FALSE
78,2.2,115,168.73,3-610-13,13,1.21,FALSE
79,2.2,115,168.73,3-611-13,13,2.22,FALSE
80,3.7,115,283.51,5-612-13,13,1.32,FALSE
81,3.7,115,283.51,5-613-13,13,1.35,FALSE
82,5.5,115,420.85,8-613-13,13,1.67,FALSE
83,7.5,115,573.89,10-613-13,13,1.23,FALSE
84,7.5,115,573.89,10-615-13,13,1.37,FALSE
85,11,115,841.7,15-616-13,13,1.54,FALSE
86,11,115,841.7,15-617-13,13,2.43,FALSE
87,15,115,1147.77,20-616-13,13,1.13,FALSE
88,15,115,1147.77,20-617-13,13,1.78,FALSE
89,18.5,115,1412.64,25-617-13,13,1.44,FALSE
90,18.5,115,1412.64,25-618-13,13,1.79,FALSE
91,22,115,1687.32,30-617-13,13,1.21,FALSE
92,22,115,1687.32,30-618-13,13,1.50,FALSE
93,30,115,2295.54,40-618-13,13,1.10,FALSE
94,30,115,2295.54,40-619-13,13,1.33,FALSE
95,37,115,2835.09,50-619-13,13,1.08,FALSE
96,0.2,100,17.66,02-607-15,15,1.20,FALSE
97,0.2,100,17.66,02-608-15,15,2.00,FALSE
98,0.4,100,35.32,05-608-15,15,1.00,FALSE
99,0.4,100,35.32,05-609-15,15,2.62,FALSE
100,0.75,100,66.22,1-609-15,15,1.40,FALSE
101,0.75,100,66.22,1-610-15,15,3.65,FALSE
102,1.5,100,132.44,2-610-15,15,1.83,FALSE
103,1.5,100,132.44,2-611-15,15,3.23,FALSE
104,2.2,100,194.24,3-610-15,15,1.24,FALSE
105,2.2,100,194.24,3-611-15,15,2.20,FALSE
106,3.7,100,326.67,5-611-15,15,1.31,FALSE
107,3.7,100,326.67,5-612-15,15,1.34,FALSE
108,5.5,100,485.6,8-613-15,15,1.39,FALSE
109,5.5,100,485.6,8-614-15,15,1.66,FALSE
110,7.5,100,662.18,10-613-15,15,1.02,FALSE
111,7.5,100,662.18,10-614-15,15,1.22,FALSE
112,11,100,971.19,15-616-15,15,1.36,FALSE
113,11,100,971.19,20-617-15,15,2.08,FALSE
114,15,100,1324.35,20-616-15,15,1.00,FALSE
115,15,100,1324.35,20-617-15,15,1.53,FALSE
116,18.5,100,1638.27,25-617-15,15,1.24,FALSE
117,18.5,100,1638.27,25-618-15,15,1.64,FALSE
118,22,100,1942.38,30-617-15,15,1.04,FALSE
119,22,100,1942.38,30-618-15,15,1.38,FALSE
120,30,100,2648.7,40-618-15,15,1.01,FALSE
121,30,100,2648.7,40-618-15,15,1.42,FALSE
122,37,100,3266.73,50-619-15,15,1.15,FALSE
123,37,100,3266.73,50-620-15,15,1.57,FALSE
124,45,100,3973.05,60-620-15,15,1.29,FALSE
125,45,100,3973.05,60-621-15,15,1.58,FALSE
126,55,100,4855.95,75-621-15,15,1.30,FALSE
127,55,100,4855.95,75-622-15,15,1.64,FALSE
128,75,100,6621.75,100-622-15,15,1.20,FALSE
129,0.2,88,20.01,02-607-17,17,1.20,FALSE
130,0.2,88,20.01,02-608-17,17,2.00,FALSE
131,0.4,88,40.02,05-608-17,17,1.00,FALSE
132,0.4,88,40.02,05-609-17,17,2.68,FALSE
133,0.75,88,75.05,1-609-17,17,1.43,FALSE
134,0.75,88,75.05,1-610-17,17,2.79,FALSE
135,1.5,88,150.09,2-610-17,17,1.39,FALSE
136,1.5,88,150.09,2-611-17,17,3.12,FALSE
137,2.2,88,219.74,3-611-17,17,2.13,FALSE
138,3.7,88,369.84,5-611-17,17,1.26,FALSE
139,3.7,88,369.84,5-612-17,17,1.34,FALSE
140,5.5,88,550.34,8-613-17,17,1.28,FALSE
141,5.5,88,550.34,8-614-17,17,1.65,FALSE
142,7.5,88,750.47,10-614-17,17,1.21,FALSE
143,7.5,88,750.47,10-616-17,17,2.00,FALSE
144,11,88,1098.72,15-616-17,17,1.36,FALSE
145,11,88,1098.72,15-617-17,17,1.75,FALSE
146,15,88,1500.93,20-616-17,17,1.00,FALSE
147,15,88,1500.93,20-617-17,17,1.29,FALSE
148,18.5,88,1854.09,25-617-17,17,1.04,FALSE
149,18.5,88,1854.09,25-618-17,17,1.62,FALSE
150,22,88,2197.44,30-618-17,17,1.36,FALSE
151,22,88,2197.44,30-619-17,17,1.95,FALSE
152,30,88,3001.86,40-618-17,17,1.00,FALSE
153,30,88,3001.86,40-619-17,17,1.43,FALSE
154,37,88,3698.37,50-619-17,17,1.16,FALSE
155,0.2,71,24.72,02-607-21,21,1.00,FALSE
156,0.2,71,24.72,02-608-21,21,2.00,FALSE
157,0.4,71,49.44,05-608-21,21,1.00,FALSE
158,0.4,71,49.44,05-609-21,21,2.48,FALSE
159,0.75,71,92.7,1-609-21,21,1.32,FALSE
160,0.75,71,92.7,1-610-21,21,2.69,FALSE
161,1.5,71,185.41,2-610-21,21,1.35,FALSE
162,1.5,71,185.41,2-611-21,21,2.69,FALSE
163,2.2,71,271.74,3-611-21,21,1.83,FALSE
164,3.7,71,457.15,5-611-21,21,1.09,FALSE
165,3.7,71,457.15,5-613-21,21,1.64,FALSE
166,5.5,71,679.83,8-613-21,21,1.10,FALSE
167,5.5,71,679.83,8-614-21,21,1.22,FALSE
168,7.5,71,927.05,10-616-21,21,1.76,FALSE
169,11,71,1363.59,15-616-21,21,1.20,FALSE
170,11,71,1363.59,15-617-21,21,1.68,FALSE
171,15,71,1854.09,20-617-21,21,1.23,FALSE
172,15,71,1854.09,20-618-21,21,1.79,FALSE
173,18.5,71,2285.73,25-617-21,21,1.00,FALSE
174,18.5,71,2285.73,25-618-21,21,1.45,FALSE
175,22,71,2717.37,30-618-21,21,1.22,FALSE
176,22,71,2717.37,30-619-21,21,1.64,FALSE
177,30,71,3708.18,40-619-21,21,1.20,FALSE
178,30,71,3708.18,40-620-21,21,1.54,FALSE
179,37,71,4571.46,50-619-21,21,1.00,FALSE
180,37,71,4571.46,50-620-21,21,1.25,FALSE
181,45,71,5562.27,60-620-21,21,1.03,FALSE
182,45,71,5562.27,60-621-21,21,1.58,FALSE
183,55,71,6798.33,75-621-21,21,1.30,FALSE
184,55,71,6798.33,75-622-21,21,1.64,FALSE
185,0.2,60,29.43,02-608-25,25,1.25,FALSE
186,0.2,60,29.43,02-609-25,25,3.75,FALSE
187,0.4,60,58.86,05-609-25,25,1.88,FALSE
188,0.75,60,110.85,1-609-25,25,1.00,FALSE
189,0.75,60,110.85,1-610-25,25,1.92,FALSE
190,1.5,60,220.73,2-611-25,25,2.13,FALSE
191,2.2,60,323.73,3-611-25,25,1.45,FALSE
192,2.2,60,323.73,3-612-25,25,1.52,FALSE
193,3.7,60,544.46,5-613-25,25,1.37,FALSE
194,3.7,60,544.46,5-614-25,25,1.58,FALSE
195,5.5,60,809.33,8-614-25,25,1.06,FALSE
196,5.5,60,809.33,8-615-25,25,1.22,FALSE
197,7.5,60,1108.53,10-616-25,25,1.55,FALSE
198,7.5,60,1108.53,10-617-25,25,2.07,FALSE
199,11,60,1618.65,15-616-25,25,1.05,FALSE
200,11,60,1618.65,15-617-25,25,1.41,FALSE
201,15,60,2207.25,15-618-25,25,1.03,FALSE
202,15,60,2207.25,20-617-25,25,1.52,FALSE
203,18.5,60,2727.18,20-618-25,25,1.23,FALSE
204,18.5,60,2727.18,25-619-25,25,1.86,FALSE
205,22,60,3237.3,30-618-25,25,1.04,FALSE
206,22,60,3237.3,30-619-25,25,1.56,FALSE
207,30,60,4414.5,40-619-25,25,1.15,FALSE
208,0.2,52,34.14,02-608-29,29,1.20,FALSE
209,0.2,52,34.14,02-609-29,29,3.35,FALSE
210,0.4,52,68.28,05-609-29,29,1.68,FALSE
211,0.75,52,127.53,1-610-29,29,1.84,FALSE
212,1.5,52,256.04,2-611-29,29,1.90,FALSE
213,2.2,52,375.72,3-611-29,29,1.30,FALSE
214,2.2,52,375.72,3-613-29,29,2.00,FALSE
215,3.7,52,631.76,5-613-29,29,1.19,FALSE
216,3.7,52,631.76,5-614-29,29,1.31,FALSE
217,5.5,52,938.82,8-615-29,29,1.06,FALSE
218,5.5,52,938.82,8-616-29,29,1.76,FALSE
219,7.5,52,1285.11,10-616-29,29,1.29,FALSE
220,7.5,52,1285.11,10-617-29,29,1.91,FALSE
221,11,52,1873.71,15-617-29,29,1.30,FALSE
222,11,52,1873.71,15-618-29,29,1.67,FALSE
223,15,52,2560.41,20-618-29,29,1.23,FALSE
224,15,52,2560.41,20-619-29,29,2.01,FALSE
225,18.5,52,3158.82,25-618-29,29,1.00,FALSE
226,18.5,52,3158.82,25-619-29,29,1.63,FALSE
227,22,52,3757.23,30-619-29,29,1.37,FALSE
228,22,52,3757.23,30-620-29,29,1.78,FALSE
229,30,52,5120.82,40-619-29,29,1.00,FALSE
230,30,52,5120.82,40-620-29,29,1.34,FALSE
231,37,52,6317.64,50-620-29,29,1.06,FALSE
232,37,52,6317.64,50-621-29,29,1.29,FALSE
233,45,52,7681.23,60-621-29,29,1.06,FALSE
234,45,52,7681.23,60-622-29,29,1.19,FALSE
235,55,52,9388.17,75-622-29,29,1.00,FALSE
236,0.2,43,41.2,02-608-35,35,1.20,FALSE
237,0.2,43,41.2,02-309-35,35,2.90,FALSE
238,0.4,43,82.4,05-609-35,35,1.45,FALSE
239,0.4,43,82.4,05-610-35,35,2.55,FALSE
240,0.75,43,155,1-610-35,35,1.36,FALSE
241,0.75,43,155,1-611-35,35,3.23,FALSE
242,1.5,43,309.02,2-611-35,35,1.61,FALSE
243,1.5,43,309.02,2-613-35,35,2.43,FALSE
244,2.2,43,453.22,3-611-35,35,1.10,FALSE
245,2.2,43,453.22,3-613-35,35,1.65,FALSE
246,3.7,43,762.24,5-613-35,35,1.00,FALSE
247,3.7,43,762.24,5-614-35,35,1.25,FALSE
248,5.5,43,1137.96,8-616-35,35,1.57,FALSE
249,5.5,43,1137.96,8-617-35,35,2.27,FALSE
250,7.5,43,1549.98,10-616-35,35,1.15,FALSE
251,7.5,43,1549.98,10-617-35,35,1.67,FALSE
252,11,43,2266.11,15-617-35,35,1.14,FALSE
253,11,43,2266.11,15-618-35,35,1.68,FALSE
254,15,43,3090.15,20-618-35,35,1.23,FALSE
255,15,43,3090.15,20-619-35,35,1.58,FALSE
256,18.5,43,3816.09,25-618-35,35,1.00,FALSE
257,18.5,43,3816.09,25-619-35,35,1.28,FALSE
258,22,43,4532.22,30-619-35,35,1.08,FALSE
259,0.2,35,50.62,02-608-43,43,1.00,FALSE
260,0.2,35,50.62,02-609-43,43,2.50,FALSE
261,0.4,35,101.04,05-609-43,43,1.25,FALSE
262,0.4,35,101.04,05-610-43,43,2.32,FALSE
263,0.75,35,190.31,1-610-43,43,1.24,FALSE
264,0.75,35,190.31,1-611-43,43,2.56,FALSE
265,1.5,35,379.65,2-611-43,43,1.28,FALSE
266,1.5,35,379.65,2-613-43,43,1.97,FALSE
267,2.2,35,557.21,3-613-43,43,1.34,FALSE
268,2.2,35,557.21,3-614-43,43,1.44,FALSE
269,3.7,35,936.86,5-615-43,43,1.04,FALSE
270,3.7,35,936.86,5-616-43,43,1.83,FALSE
271,5.5,35,1393.02,8-616-43,43,1.23,FALSE
272,5.5,35,1393.02,8-617-43,43,1.69,FALSE
273,7.5,35,1903.14,10-617-43,43,1.24,FALSE
274,7.5,35,1903.14,10-618-43,43,2.00,FALSE
275,11,35,2786.04,15-618-43,43,1.36,FALSE
276,11,35,2786.04,15-619-43,43,1.86,FALSE
277,15,35,3796.47,20-618-43,43,1.00,FALSE
278,15,35,3796.47,20-619-43,43,1.37,FALSE
279,18.5,35,4679.37,25-619-43,43,1.11,FALSE
280,18.5,35,4679.37,25-620-43,43,1.48,FALSE
281,22,35,5572.08,30-620-43,43,1.24,FALSE
282,22,35,5572.08,30-621-43,43,1.70,FALSE
283,30,35,7592.94,40-621-43,43,1.24,FALSE
284,30,35,7592.94,40-622-43,43,1.52,FALSE
285,37,35,9368.55,50-621-43,43,1.01,FALSE
286,37,35,9368.55,50-622-43,43,1.24,FALSE
287,45,35,11389.41,60-622-43,43,1.02,FALSE
288,0.2,29,60.04,02-609-51,51,1.80,FALSE
289,0.4,29,119.68,05-610-51,51,1.68,FALSE
290,0.75,29,225.63,1-611-51,51,2.21,FALSE
291,1.5,29,450.28,2-611-51,51,1.11,FALSE
292,1.5,29,450.28,2-613-51,51,1.67,FALSE
293,2.2,29,660.21,3-613-51,51,1.14,FALSE
294,2.2,29,660.21,3-614-51,51,1.35,FALSE
295,3.7,29,1108.53,5-616-51,51,1.54,FALSE
296,3.7,29,1108.53,5-617-51,51,2.25,FALSE
297,5.5,29,1648.08,8-616-51,51,1.04,FALSE
298,5.5,29,1648.08,8-617-51,51,1.52,FALSE
299,7.5,29,2256.3,10-617-51,51,1.11,FALSE
300,7.5,29,2256.3,10-618-51,51,1.52,FALSE
301,11,29,3305.97,15-618-51,51,1.04,FALSE
302,11,29,3305.97,15-619-51,51,1.63,FALSE
303,15,29,4502.79,20-619-51,51,1.19,FALSE
304,0.2,25,69.45,02-609-59,59,1.65,FALSE
305,0.4,25,139.3,05-610-59,59,1.50,FALSE
306,0.4,25,139.3,05-611-59,59,3.42,FALSE
307,0.75,25,260.95,1-611-59,59,1.83,FALSE
308,1.5,25,520.91,2-613-59,59,1.43,FALSE
309,1.5,25,520.91,2-614-59,59,1.87,FALSE
310,2.2,25,764.2,3-614-59,59,1.27,FALSE
311,2.2,25,764.2,3-615-59,59,1.28,FALSE
312,3.7,25,1285.11,5-616-59,59,1.34,FALSE
313,3.7,25,1285.11,5-617-59,59,1.97,FALSE
314,5.5,25,1912.95,8-617-59,59,1.32,FALSE
315,5.5,25,1912.95,8-618-59,59,1.79,FALSE
316,7.5,25,2609.46,10-618-59,59,1.31,FALSE
317,7.5,25,2609.46,10-619-59,59,2.07,FALSE
318,11,25,3816.09,15-619-59,59,1.41,FALSE
319,11,25,3816.09,15-620-59,59,1.74,FALSE
320,15,25,5209.11,20-619-59,59,1.03,FALSE
321,15,25,5209.11,20-620-59,59,1.27,FALSE
322,18.5,25,6425.55,25-620-59,59,1.03,FALSE
323,18.5,25,6425.55,25-621-59,59,1.50,FALSE
324,22,25,7641.99,30-621-59,59,1.26,FALSE
325,22,25,7641.99,30-622-59,59,1.52,FALSE
326,30,25,10418.22,40-622-59,59,1.11,FALSE
327,0.2,21,83.58,02-609-71,71,1.30,FALSE
328,0.2,21,83.58,02-610-71,71,2.45,FALSE
329,0.4,21,166.77,05-610-71,71,1.22,FALSE
330,0.4,21,166.77,05-611-71,71,2.45,FALSE
331,0.75,21,313.92,1-611-71,71,1.31,FALSE
332,0.75,21,313.92,1-612-71,71,1.36,FALSE
333,1.5,21,626.86,2-613-71,71,1.20,FALSE
334,1.5,21,626.86,2-614-71,71,1.41,FALSE
335,2.2,21,919.2,3-615-71,71,1.00,FALSE
336,2.2,21,919.2,3-616-71,71,1.86,FALSE
337,3.7,21,1549.98,5-616-71,71,1.10,FALSE
338,3.7,21,1549.98,5-617-71,71,1.62,FALSE
339,5.5,21,2295.54,8-617-71,71,1.09,FALSE
340,5.5,21,2295.54,8-618-71,71,1.34,FALSE
341,7.5,21,3139.2,10-618-71,71,1.00,FALSE
342,7.5,21,3139.2,10-619-71,71,1.79,FALSE
343,11,21,4600.89,15-619-71,71,1.22,FALSE
344,0.2,17,102.02,02-609-87,87,1.25,FALSE
345,0.2,17,102.02,02-610-87,87,2.45,FALSE
346,0.4,17,205.03,05-610-87,87,1.22,FALSE
347,0.4,17,205.03,05-611-87,87,2.33,FALSE
348,0.75,17,384.55,1-611-87,87,1.24,FALSE
349,0.75,17,384.55,1-613-87,87,1.95,FALSE
350,1.5,17,768.12,2-614-87,87,1.30,FALSE
351,1.5,17,768.12,2-615-87,87,1.31,FALSE
352,2.2,17,1128.15,3-616-87,87,1.52,FALSE
353,2.2,17,1128.15,3-617-87,87,2.20,FALSE
354,3.7,17,1893.33,5-617-87,87,1.31,FALSE
355,3.7,17,1893.33,5-618-87,87,2.03,FALSE
356,5.5,17,2815.47,8-618-87,87,1.34,FALSE
357,5.5,17,2815.47,8-619-87,87,2.13,FALSE
358,7.5,17,3845.52,10-619-87,87,1.56,FALSE
359,7.5,17,3845.52,10-620-87,87,1.83,FALSE
360,11,17,5630.94,15-619-87,87,1.06,FALSE
361,11,17,5630.94,15-620-87,87,1.24,FALSE
362,15,17,7681.23,20-621-87,87,1.22,FALSE
363,15,17,7681.23,20-622-87,87,1.46,FALSE
364,18.5,17,9476.46,25-622-87,87,1.18,FALSE
365,0.2,14,99.08,02-609/08-104,104,1.00,TRUE
366,0.2,14,111.83,02-610/08-104,104,1.80,FALSE
367,0.4,14,201.11,05-610-08-104,104,1.00,TRUE
368,0.4,14,222.69,05-611/08-104,104,1.00,FALSE
369,0.75,14,417.91,1-611/09-104,104,1.12,FALSE
370,0.75,14,417.91,1-613/10-104,104,1.80,FALSE
371,1.5,14,755.37,2-613/10-104,104,1.00,TRUE
372,1.5,14,836.79,2-616/10-104,104,1.61,FALSE
373,2.2,14,755.37,3-613/10-104,104,1.00,TRUE
374,2.2,14,1010.43,3-614/10-104,104,1.00,TRUE
375,3.7,14,1795.23,5-616/11-104,104,1.00,TRUE
376,3.7,14,2060.1,5-617/11-104,104,1.32,FALSE
377,5.5,14,2727.18,8-617/11-104,104,1.00,TRUE
378,5.5,14,3070.53,8-618/13-104,104,1.28,FALSE
379,7.5,14,3924,10-618/13-104,104,1.00,TRUE
380,7.5,14,4179.06,10-619/13-104,104,1.33,FALSE
381,0.2,13,143.23,02-610-119,119,1.25,FALSE
382,0.2,12,99.08,02-609/08-121,121,1.00,TRUE
383,0.2,12,129.49,02-610/08-121,121,1.55,FALSE
384,0.4,12,201.11,05-610/08-121,121,1.00,TRUE
385,0.4,12,258.98,05-611/08-121,121,1.00,FALSE
386,0.75,12,486.58,1-611/09-121,121,1.01,FALSE
387,0.75,12,486.58,1-613/09-121,121,1.41,FALSE
388,1.5,12,755.37,2-613/10-121,121,1.00,TRUE
389,1.5,12,941.76,2-614/10-121,121,1.00,TRUE
390,2.2,12,941.76,3-614/10-121,121,1.00,TRUE
391,2.2,12,1432.26,3-616/11-121,121,1.26,FALSE
392,3.7,12,1795.23,5-616/11-121,121,1.00,TRUE
393,3.7,12,2403.45,5-617/11-121,121,1.04,FALSE
394,5.5,12,2501.55,8-617/11-121,121,1.00,TRUE
395,5.5,12,3286.35,8-618/13-121,121,1.00,TRUE
396,7.5,12,4865.76,10-619/13-121,121,1.15,FALSE
397,7.5,12,4865.76,10-620/13-121,121,1.16,FALSE
398,11,12,7141.68,15-621/16-121,121,1.01,FALSE
399,11,12,7141.68,15-622/17-121,121,1.32,FALSE
400,15,12,9417.6,20-622/17-121,121,1.00,TRUE
401,15,12,9731.52,20-623/16-121,121,1.15,FALSE
402,18.5,12,9417.6,25-622/17-121,121,1.00,TRUE
403,18.5,12,10987.2,25-623/18-121,121,1.00,TRUE
404,22,12,10987.2,30-623/18-121,121,1.00,TRUE
405,22,12,13832.1,30-624/18-121,121,1.00,TRUE
406,30,12,17658,40-625/19-121,121,1.00,TRUE
407,30,12,19463.04,40-626/19-121,121,1.21,FALSE
408,37,12,23544,50-626/19-121,121,1.00,TRUE
409,0.2,10,106.93,02-609/08-143,143,1.00,TRUE
410,0.2,10,153.04,02-610/08-143,143,1.30,FALSE
411,0.4,10,307.05,05-611/08-143,143,1.00,FALSE
412,0.4,10,307.05,05-611/09-143,143,1.62,FALSE
413,0.75,10,500.31,1-611/09-143,143,1.00,TRUE
414,0.75,10,574.87,1-613/09-143,143,1.31,FALSE
415,1.5,10,755.37,2-613/10-143,143,1.00,TRUE
416,1.5,10,1010.43,2-614/10-143,143,1.00,TRUE
417,2.2,10,1687.32,3-616/10-143,143,1.06,FALSE
418,2.2,10,1687.32,3-616/11-143,143,1.06,FALSE
419,3.7,10,1795.23,5-616/11-143,143,1.00,TRUE
420,3.7,10,2727.18,5-617/11-143,143,1.00,TRUE
421,5.5,10,3933.81,8-618/13-143,143,1.00,TRUE
422,5.5,10,4218.3,8-619/13-143,143,1.42,FALSE
423,7.5,10,5748.66,10-619/13-143,143,1.04,FALSE
424,0.2,9.1,127.53,02-609/08-165,165,1.00,TRUE
425,0.2,9.1,176.58,02-610/08-165,165,1.70,FALSE
426,0.4,9.1,255.06,05-610/08-165,165,1.00,TRUE
427,0.4,9.1,354.14,05-611/08-165,165,1.00,FALSE
428,0.75,9.1,500.31,1-611/09-165,165,1.00,TRUE
429,0.75,9.1,663.16,1-613/09-135,165,1.36,FALSE
430,1.5,9.1,755.37,2-613/10-165,165,1.00,TRUE
431,1.5,9.1,1010.43,2-614/10-165,165,1.00,TRUE
432,2.2,9.1,1795.23,3-616/10-165,165,1.10,FALSE
433,2.2,9.1,1942.38,3-617/10-165,165,1.39,FALSE
434,3.7,9.1,2727.18,5-617/11-165,165,1.00,TRUE
435,3.7,9.1,3276.54,5-618/13-165,165,1.47,FALSE
436,5.5,9.1,4022.1,8-618/13-165,165,1.00,TRUE
437,5.5,9.1,4865.76,8-619/13-165,165,1.38,FALSE
438,7.5,9.1,5984.1,10-619/13-165,165,1.01,FALSE
439,7.5,9.1,6641.37,10-620/13-165,165,1.19,FALSE
440,11,9.1,8387.55,15-621/16-165,165,1.03,FALSE
441,11,9.1,9731.52,15-622/17-165,165,1.33,FALSE
442,15,9.1,10791,20-622/17-165,165,1.00,TRUE
443,15,9.1,13272.93,20-623/16-165,165,1.21,FALSE
444,18.5,9.1,13734,25-623/18-165,165,1.00,TRUE
445,18.5,9.1,16372.89,25-624/18-165,165,1.30,FALSE
446,22,9.1,13734,30-623/18-165,165,1.00,TRUE
447,22,9.1,17756.1,30-624/18-165,165,1.10,FALSE
448,30,9.1,22563,40-625/19-165,165,1.07,FALSE
449,30,9.1,26545.86,40-626/19-165,165,1.30,FALSE
450,37,9.1,29920.5,50-626/19-165,165,1.05,FALSE
451,0.2,7.7,208.95,02-610/08-195,195,1.20,FALSE
452,0.2,7.7,208.95,02-611/08-195,195,2.00,FALSE
453,0.4,7.7,255.06,05-610/08-195,195,1.00,TRUE
454,0.4,7.7,417.91,05-611/08-195,195,1.00,FALSE
455,0.75,7.7,500.31,1-611/09-195,195,1.00,TRUE
456,0.75,7.7,755.37,1-613/09-195,195,1.00,TRUE
457,1.5,7.7,1010.43,2-614/10-195,195,1.00,TRUE
458,1.5,7.7,1569.6,2-616/10-195,195,1.15,FALSE
459,2.2,7.7,1795.23,3-616/10-195,195,1.00,TRUE
460,2.2,7.7,2295.54,3-617/10-195,195,1.10,FALSE
461,3.7,7.7,2727.18,5-617/11-195,195,1.00,TRUE
462,3.7,7.7,3865.14,5-618/13-195,195,1.04,FALSE
463,5.5,7.7,4022.1,8-618/13-195,195,1.00,TRUE
464,5.5,7.7,5748.66,8-619/13-195,195,1.11,FALSE
465,7.5,7.7,6376.5,10-619/13-195,195,1.00,TRUE
466,7.5,7.7,6817.95,10-620/13-195,195,1.00,TRUE
467,11,7.7,8387.55,15-621/16-195,195,1.00,TRUE
468,11,7.7,10791,15-622/17-195,195,1.00,TRUE
469,15,7.7,10791,20-622/17-195,195,1.00,TRUE
470,15,7.7,13734,20-623/16-195,195,1.00,TRUE
471,18.5,7.7,17756.1,25-624/18-195,195,1.00,TRUE
472,18.5,7.7,19345.32,25-625/17-195,195,1.17,FALSE
473,22,7.7,17756.1,30-624/18-195,195,1.00,TRUE
474,22,7.7,22563,30-625/17-195,195,1.00,TRUE
475,30,7.7,29920.5,40-626/19-195,195,1.00,TRUE
476,0.2,6.5,247.21,02-610/08-231,231,1.01,FALSE
477,0.2,6.5,255.06,02-611/08-231,231,1.96,FALSE
478,0.4,6.5,511.1,05-611/08-231,231,1.01,FALSE
479,0.4,6.5,515.03,05-613/09-231,231,1.51,FALSE
480,0.75,6.5,500.31,1-611/09-231,231,1.00,TRUE
481,0.75,6.5,755.37,1-613/09-231,231,1.00,TRUE
482,1.5,6.5,1795.23,2-616/10-231,231,1.00,TRUE
483,1.5,6.5,1854.09,2-617/10-231,231,1.47,FALSE
484,2.2,6.5,2727.18,3-617/10-231,231,1.00,FALSE
485,2.2,6.5,2727.18,3-618/10-231,231,1.13,FALSE
486,3.7,6.5,2727.18,5-617/11-231,231,1.00,TRUE
487,3.7,6.5,4022.1,5-618/13-231,231,1.00,TRUE
488,5.5,6.5,6808.14,8-619/13-231,231,1.05,FALSE
489,5.5,6.5,6808.14,8-620/13-231,231,1.05,FALSE
490,7.5,6.5,7161.3,10-620/13-231,231,1.00,TRUE
491,7.5,6.5,9290.07,10-621/13-231,231,1.02,FALSE
492,11,6.5,9466.65,15-621/16-231,231,1.00,TRUE
493,11,6.5,12507.75,15-622/17-231,231,1.00,TRUE
494,15,6.5,15597.9,20-623/16-231,231,1.00,TRUE
495,15,6.5,18580.14,20-624/16-231,231,1.07,FALSE
496,18.5,6.5,20110.5,25-624/18-231,231,1.00,TRUE
497,18.5,6.5,22916.16,25-625/17-231,231,1.14,FALSE
498,22,6.5,20110.5,30-624/18-231,231,1.00,TRUE
499,22,6.5,20110.5,30-625/17-231,231,1.00,TRUE
500,30,6.5,25996.5,40-625/19-231,231,1.00,TRUE
501,30,6.5,33942.6,40-626/19-231,231,1.00,TRUE
502,37,6.5,33942.6,50-626/19-231,231,1.00,TRUE
503,0.2,5.5,255.06,02-610/08-273,273,1.00,TRUE
504,0.2,5.5,292.34,02-611/08-273,273,1.70,FALSE
505,0.4,5.5,500.31,05-611/08-273,273,1.00,TRUE
506,0.4,5.5,588.6,05-613/09-273,273,1.30,FALSE
507,0.75,5.5,755.37,1-613/09-273,273,1.00,TRUE
508,0.75,5.5,1010.43,1-614/10-273,273,1.00,TRUE
509,1.5,5.5,1795.23,2-616/10-273,273,1.00,TRUE
510,1.5,5.5,2197.44,2-617/10-273,273,1.24,FALSE
511,2.2,5.5,2727.18,3-617/10-273,273,1.00,TRUE
512,2.2,5.5,3315.78,3-618/10-273,273,1.23,FALSE
513,3.7,5.5,4022.1,5-618/13-273,273,1.00,TRUE
514,3.7,5.5,5415.12,5-619/11-273,273,1.05,FALSE
515,5.5,5.5,7161.3,8-619/13-273,273,1.00,TRUE
516,5.5,5.5,8054.01,8-621/13-273,273,1.18,FALSE
517,7.5,5.5,9466.65,10-621/13-273,273,1.00,TRUE
518,7.5,5.5,10977.39,10-622/17-273,273,1.14,FALSE
519,11,5.5,12507.75,15-622/17-273,273,1.00,TRUE
520,11,5.5,15892.2,15-623/16-273,273,1.00,TRUE
521,15,5.5,20110.5,20-624/16-273,273,1.00,TRUE
522,15,5.5,21964.59,20-625/17-273,273,1.19,FALSE
523,18.5,5.5,25996.5,25-625/17-273,273,1.00,TRUE
524,18.5,5.5,27085.41,25-626/19-273,273,1.26,FALSE
525,22,5.5,25996.5,30-625/17-273,273,1.00,TRUE
526,22,5.5,32206.23,30-626/19-273,273,1.06,FALSE
527,30,5.5,34335,40-626/19-273,273,1.00,TRUE
528,0.2,4.7,255.06,02-610/08-319,319,1.00,TRUE
529,0.2,4.7,342.37,02-611/08-319,319,1.45,FALSE
530,0.4,4.7,500.31,05-611/08-319,319,1.00,TRUE
531,0.4,4.7,684.74,05-613/09-319,319,1.10,FALSE
532,0.75,4.7,755.37,1-613/09-319,319,1.00,TRUE
533,0.75,4.7,1010.43,1-614/09-319,319,1.00,TRUE
534,1.5,4.7,1795.23,2-616/10-319,319,1.00,TRUE
535,1.5,4.7,2570.22,2-617/10-319,319,1.06,FALSE
536,2.2,4.7,2727.18,3-617/10-319,319,1.00,TRUE
537,2.2,4.7,2727.18,3-617/11-319,319,1.00,TRUE
538,3.7,4.7,4022.1,5-618/13-319,319,1.00,TRUE
539,3.7,4.7,6327.45,5-619/13-319,319,1.13,FALSE
540,5.5,4.7,7161.3,8-619/13-319,319,1.00,TRUE
541,5.5,4.7,9407.79,8-621/13-319,319,1.04,FALSE
542,7.5,4.7,9466.65,10-621/13-319,319,1.00,TRUE
543,7.5,4.7,12507.75,10-622/13-319,319,1.00,TRUE
544,11,4.7,12507.75,15-622/17-319,319,1.00,TRUE
545,11,4.7,15401.7,15-623/16-319,319,1.00,TRUE
546,15,4.7,19914.3,20-624/18-319,319,1.00,TRUE
547,15,4.7,25662.96,20-625/17-319,319,1.01,FALSE
548,18.5,4.7,25996.5,25-625/17-319,319,1.00,TRUE
549,18.5,4.7,31647.06,25-626/19-319,319,1.09,FALSE
550,22,4.7,34335,30-626/19-319,319,1.00,TRUE
551,22,4.7,37631.16,30-627/19-319,319,1.54,FALSE
552,30,4.7,51993,40-627/19-319,319,1.13,FALSE
553,37,4.7,57879,50-627/19-319,319,1.00,TRUE
554,0.2,4,255.06,02-610/08-377,377,1.00,TRUE
555,0.2,4,404.17,02-611/08-377,377,1.25,FALSE
556,0.4,4,500.31,05-611/08-377,377,1.00,TRUE
557,0.4,4,755.37,05-613/09-377,377,1.00,TRUE
558,0.75,4,755.37,1-613/09-377,377,1.00,TRUE
559,0.75,4,1010.43,1-614/09-377,377,1.00,TRUE
560,1.5,4,1795.23,2-616/10-377,377,1.00,TRUE
561,1.5,4,2727.18,2-617/10-377,377,1.00,TRUE
562,2.2,4,4022.1,3-618/10-377,377,1.00,TRUE
563,2.2,4,4443.93,3-619/13-377,377,1.61,FALSE
564,3.7,4,7161.3,5-619/13-377,377,1.00,TRUE
565,3.7,4,7475.22,5-621/13-377,377,1.26,FALSE
566,5.5,4,7161.3,8-619/13-377,377,1.00,TRUE
567,5.5,4,9466.65,8-621/13-377,377,1.00,TRUE
568,7.5,4,12507.75,10-622/17-377,377,1.00,TRUE
569,7.5,4,15166.26,10-623/16-377,377,1.05,FALSE
570,11,4,15892.2,15-623/16-377,377,1.00,TRUE
571,11,4,20110.5,15-624/16-377,377,1.00,TRUE
572,15,4,25996.5,20-625/17-377,377,1.00,TRUE
573,15,4,30322.71,20-626/19-377,377,1.13,FALSE
574,18.5,4,34335,25-626/19-377,377,1.00,TRUE
575,18.5,4,37405.53,25-627/19-377,377,1.61,FALSE
576,22,4,34335,30-626/19-377,377,1.00,TRUE
577,22,4,44478.54,30-627/19-377,377,1.35,FALSE
578,30,4,60331.5,40-627/19-377,377,1.00,TRUE
579,0.2,3.2,507.18,02-611/08-473,473,1.00,FALSE
580,0.2,3.2,507.18,02-613/08-473,473,1.50,FALSE
581,0.4,3.2,500.31,05-611/08-473,473,1.00,TRUE
582,0.4,3.2,755.37,05-613/08-473,473,1.00,TRUE
583,0.75,3.2,1010.43,1-614/09-473,473,1.00,TRUE
584,0.75,3.2,1795.23,1-616/09-473,473,1.00,TRUE
585,1.5,3.2,2727.18,2-617/10-473,473,1.00,TRUE
586,1.5,3.2,3806.28,2-618/10-473,473,1.05,FALSE
587,2.2,3.2,4022.1,3-618/10-473,473,1.00,TRUE
588,2.2,3.2,5581.89,3-619/11-473,473,1.04,FALSE
589,3.7,3.2,7161.3,5-619/13-473,473,1.00,TRUE
590,3.7,3.2,8387.55,5-620/13-473,473,1.00,TRUE
591,5.5,3.2,8387.55,8-620/13-473,473,1.00,TRUE
592,5.5,3.2,11085.3,8-621/13-473,473,1.00,TRUE
593,7.5,3.2,14126.4,10-622/13-473,473,1.00,TRUE
594,7.5,3.2,17903.25,10-623/16-473,473,1.00,TRUE
595,11,3.2,23053.5,15-624/16-473,473,1.00,TRUE
596,11,3.2,27899.64,15-625/17-473,473,1.07,FALSE
597,15,3.2,29920.5,20-625/17-473,473,1.00,TRUE
598,15,3.2,38052.99,20-626/19-473,473,1.07,FALSE
599,18.5,3.2,40613.4,25-626/19-473,473,1.00,TRUE
600,18.5,3.2,46931.04,25-627/19-473,473,1.29,FALSE
601,22,3.2,55809.09,30-627/19-473,473,1.08,FALSE
602,30,3.2,60331.5,40-627/19-473,473,1.00,TRUE
603,0.2,2.7,500.31,02-611/08-559,559,1.00,TRUE
604,0.2,2.7,599.39,02-613/08-559,559,1.25,FALSE
605,0.4,2.7,755.37,05-613/08-559,559,1.00,TRUE
606,0.4,2.7,1010.43,05-614/08-559,559,1.00,TRUE
607,0.75,2.7,1795.23,1-616/09-559,559,1.00,TRUE
608,0.75,2.7,2246.49,1-617/09-559,559,1.21,FALSE
609,1.5,2.7,2727.18,2-617/10-559,559,1.00,TRUE
610,1.5,2.7,4022.1,2-618/10-559,559,1.00,TRUE
611,2.2,2.7,5984.1,3-619/11-559,559,1.00,TRUE
612,2.2,2.7,6592.32,3-619/13-559,559,1.09,FALSE
613,3.7,2.7,7161.3,5-619/13-559,559,1.00,TRUE
614,3.7,2.7,8387.55,5-620/13-559,559,1.00,TRUE
615,5.5,2.7,14126.4,8-622/13-559,559,1.00,TRUE
616,5.5,2.7,16490.61,8-623/16-559,559,1.08,FALSE
617,7.5,2.7,17903.25,10-623/16-559,559,1.00,TRUE
618,7.5,2.7,22484.52,10-624/16-559,559,1.02,FALSE
619,11,2.7,29920.5,15-625/17-559,559,1.00,TRUE
620,11,2.7,32971.41,15-626/17-559,559,1.23,FALSE
621,15,2.7,40613.4,20-626/19-559,559,1.00,TRUE
622,15,2.7,44969.04,20-627/19-559,559,1.34,FALSE
623,18.5,2.7,55455.93,25-627/19-559,559,1.09,FALSE
624,22,2.7,60331.5,30-627/19-559,559,1.00,TRUE
625,0.2,2.3,500.31,02-611/08-649,649,1.00,TRUE
626,0.2,2.3,579.77,02-613/08-649,649,1.10,FALSE
627,0.4,2.3,755.37,05-613/08-649,649,1.00,TRUE
628,0.4,2.3,1010.43,05-614/08-649,649,1.00,TRUE
629,0.75,2.3,1795.23,1-616/09-649,649,1.00,TRUE
630,0.75,2.3,2609.46,1-617/09-649,649,1.04,FALSE
631,1.5,2.3,2727.18,2-617/10-649,649,1.00,TRUE
632,1.5,2.3,4022.1,2-618/10-649,649,1.00,TRUE
633,2.2,2.3,6180.3,3-619/11-649,649,1.00,TRUE
634,2.2,2.3,7651.8,3-620/13-649,649,1.10,FALSE
635,3.7,2.3,6180.3,5-619/11-649,649,1.00,TRUE
636,3.7,2.3,8387.55,5-620/13-649,649,1.00,TRUE
637,5.5,2.3,14126.4,8-622/13-649,649,1.00,TRUE
638,5.5,2.3,17903.25,8-623/16-649,649,1.00,TRUE
639,7.5,2.3,23053.5,10-624/16-649,649,1.00,TRUE
640,7.5,2.3,26104.41,10-625/17-649,649,1.15,FALSE
641,11,2.3,29920.5,15-625/17-649,649,1.00,TRUE
642,11,2.3,38288.43,15-626/19-649,649,1.06,FALSE
643,15,2.3,40613.4,20-626/19-649,649,1.00,TRUE
644,15,2.3,52208.82,20-627/19-649,649,1.15,FALSE
645,18.5,2.3,60331.5,25-627/19-649,649,1.00,TRUE
646,22,2.3,60331.5,30-627/19-649,649,1.00,TRUE
647,0.2,2.1,500.31,02-611/08-731,731,1.00,TRUE
648,0.2,2.1,783.82,02-613/08-731,731,1.00,FALSE
649,0.4,2.1,755.37,05-613/08-731,731,1.00,TRUE
650,0.4,2.1,1010.43,05-614/08-731,731,1.00,TRUE
651,0.75,2.1,1795.23,1-616/09-731,731,1.00,TRUE
652,0.75,2.1,2727.18,1-617/09-731,731,1.00,TRUE
653,1.5,2.1,4022.1,2-618/10-731,731,1.00,TRUE
654,1.5,2.1,5876.19,2-619/11-731,731,1.13,FALSE
655,2.2,2.1,6670.8,3-619/11-731,731,1.00,TRUE
656,2.2,2.1,8622.99,3-621/13-731,731,1.29,FALSE
657,3.7,2.1,8387.55,5-620/13-731,731,1.00,TRUE
658,3.7,2.1,11085.3,5-621/13-731,731,1.00,TRUE
659,5.5,2.1,14126.4,8-622/13-731,731,1.00,TRUE
660,5.5,2.1,17903.25,8-623/16-731,731,1.00,TRUE
661,7.5,2.1,23053.5,10-624/16-731,731,1.00,TRUE
662,7.5,2.1,29400.57,10-625/17-731,731,1.02,FALSE
663,11,2.1,29920.5,15-625/17-731,731,1.00,TRUE
664,11,2.1,40613.4,15-626/19-731,731,1.00,TRUE
665,15,2.1,40613.4,20-626/19-731,731,1.00,TRUE
666,15,2.1,58801.14,20-627/19-731,731,1.03,FALSE
667,18.5,2.1,60331.5,25-627/19-731,731,1.00,TRUE
668,22,2.1,60331.5,30-627/19-731,731,1.00,TRUE
669,0.2,1.8,500.31,02-611/08-841,841,1.00,TRUE
670,0.2,1.8,901.54,02-613/08-841,841,1.00,FALSE
671,0.4,1.8,1010.43,05-614/09-841,841,1.00,TRUE
672,0.4,1.8,1805.04,05-616/09-641,841,1.00,FALSE
673,0.75,1.8,1795.23,1-616/09-841,841,1.00,TRUE
674,0.75,1.8,2727.18,1-617/10-841,841,1.00,TRUE
675,1.5,1.8,4022.1,2-618/10-841,841,1.00,TRUE
676,1.5,1.8,6817.95,2-619/11-841,841,1.06,FALSE
677,2.2,1.8,7161.3,3-619/11-841,841,1.00,TRUE
678,2.2,1.8,9917.91,3-621/13-841,841,1.00,FALSE
679,3.7,1.8,12262.5,5-622/13-841,841,1.00,TRUE
680,3.7,1.8,16088.4,5-623/16-841,841,1.00,TRUE
681,5.5,1.8,16088.4,8-623/16-841,841,1.00,TRUE
682,5.5,1.8,20110.5,8-624/16-841,841,1.00,TRUE
683,7.5,1.8,26437.95,10-625/17-841,841,1.00,TRUE
684,7.5,1.8,33824.88,10-626/19-841,841,1.03,FALSE
685,11,1.8,34727.4,15-626/19-841,841,1.00,TRUE
686,11,1.8,49609.17,15-627/19-841,841,1.22,FALSE
687,15,1.8,60331.5,20-627/19-841,841,1.00,TRUE
688,18.5,1.8,60331.5,25-627/19-841,841,1.00,TRUE
689,22,1.8,60331.5,30-627/19-841,841,1.00,TRUE
690,0.2,1.5,500.31,02-611/08-1003,1003,1.00,TRUE
691,0.2,1.5,755.37,02-613/08-1003,1003,1.00,TRUE
692,0.4,1.5,1010.43,05-614/08-1003,1003,1.00,TRUE
693,0.4,1.5,2148.39,05-616/09-1003,1003,1.00,TRUE
694,0.75,1.5,2727.18,1-617/09-1003,1003,1.00,TRUE
695,0.75,1.5,4031.91,1-618/10-1003,1003,1.00,FALSE
696,1.5,1.5,4022.1,2-618/10-1003,1003,1.00,TRUE
697,1.5,1.5,7063.2,2-619/11-1003,1003,1.00,TRUE
698,2.2,1.5,7063.2,3-619/11-1003,1003,1.00,TRUE
699,2.2,1.5,8240.4,3-620/13-1003,1003,1.00,TRUE
701,3.7,1.5,14126.4,5-622/13-1003,1003,1.00,TRUE
702,3.7,1.5,17903.25,5-623/16-1003,1003,1.00,TRUE
703,5.5,1.5,23053.5,8-624/16-1003,1003,1.00,TRUE
704,5.5,1.5,29586.96,8-625/17-1003,1003,1.01,FALSE
705,7.5,1.5,29920.5,10-625/17-1003,1003,1.00,TRUE
706,7.5,1.5,40338.72,10-626/19-1003,1003,1.01,FALSE
707,11,1.5,40613.4,15-626/19-1003,1003,1.00,TRUE
708,11,1.5,59164.11,15-627/19-1003,1003,1.02,FALSE
709,15,1.5,60331.5,20-627/19-1003,1003,1.00,TRUE
710,0.2,1.2,755.37,02-613/08-1247,1247,1.00,TRUE
711,0.2,1.2,1010.43,02-614/08-1247,1247,1.00,TRUE
712,0.4,1.2,1795.23,05-616/09-1247,1247,1.00,TRUE
713,0.4,1.2,2727.18,05-617/09-1247,1247,1.00,TRUE
714,0.75,1.2,2727.18,1-617/09-1247,1247,1.00,TRUE
715,0.75,1.2,4022.1,1-618/10-1247,1247,1.00,TRUE
716,1.5,1.2,7161.3,2-619/11-1247,1247,1.00,TRUE
717,1.5,1.2,8240.4,2-620/11-1247,1247,1.00,TRUE
718,2.2,1.2,11085.3,3-621/13-1247,1247,1.00,TRUE
719,2.2,1.2,13930.2,3-622/13-1247,1247,1.00,TRUE
720,3.7,1.2,13930.2,5-622/13-1247,1247,1.00,TRUE
721,3.7,1.2,17903.25,5-623/16-1247,1247,1.00,TRUE
722,5.5,1.2,23053.5,8-624/16-1247,1247,1.00,TRUE
723,5.5,1.2,29920.5,8-625/17-1247,1247,1.00,TRUE
724,7.5,1.2,40613.4,10-626/19-1247,1247,1.00,TRUE
725,7.5,1.2,50158.53,10-627/19-1247,1247,1.20,FALSE
726,11,1.2,60331.5,15-627/19-1247,1247,1.00,TRUE
727,15,1.2,60331.5,20-627/19-1247,1247,1.00,TRUE
728,0.2,1,755.37,02-613/08-1479,1479,1.00,TRUE
729,0.2,1,1010.43,02-614/08-1479,1479,1.00,TRUE
730,0.4,1,1795.23,05-616/09-1479,1479,1.00,TRUE
731,0.4,1,2727.18,05-617/09-1479,1479,1.00,TRUE
732,0.75,1,4022.1,1-618/10-1479,1479,1.00,TRUE
733,0.75,1,5944.86,1-619/11-1479,1479,1.20,FALSE
734,1.5,1,7161.3,2-619/11-1479,1479,1.00,TRUE
735,1.5,1,11085.3,2-621/13-1479,1479,1.00,TRUE
736,2.2,1,13930.2,3-622/13-1479,1479,1.00,TRUE
737,2.2,1,16088.4,3-623/16-1479,1479,1.00,TRUE
738,3.7,1,16088.4,5-623/16-1479,1479,1.00,TRUE
739,3.7,1,20306.7,5-624/16-1479,1479,1.00,TRUE
740,5.5,1,26437.95,8-625/17-1479,1479,1.00,TRUE
741,5.5,1,35806.5,8-626/19-1479,1479,1.00,TRUE
742,7.5,1,59487.84,10-627/19-1479,1479,1.01,FALSE
743,11,1,60331.5,15-627/19-1479,1479,1.00,TRUE
744,0.2,0.81,755.37,02-613/08-1849,1849,1.00,TRUE
745,0.2,0.81,1010.43,02-614/08-1849,1849,1.00,TRUE
746,0.4,0.81,1795.23,05-616/09-1849,1849,1.00,TRUE
747,0.4,0.81,2727.18,05-617/09-1849,1849,1.00,TRUE
748,0.75,0.81,4022.1,1-618/10-1849,1849,1.00,TRUE
749,0.75,0.81,7161.3,1-619/11-1849,1849,1.00,TRUE
750,1.5,0.81,7946.1,2-620/11-1849,1849,1.00,TRUE
751,1.5,0.81,11183.4,2-621/13-1849,1849,1.00,TRUE
752,2.2,0.81,14126.4,3-622/13-1849,1849,1.00,TRUE
753,2.2,0.81,17903.25,3-623/16-1849,1849,1.00,TRUE
754,3.7,0.81,23053.5,5-624/16-1849,1849,1.00,TRUE
755,3.7,0.81,29920.5,5-625/17-1849,1849,1.00,TRUE
756,5.5,0.81,40613.4,8-626/19-1849,1849,1.00,TRUE
757,5.5,0.81,54533.79,8-627/19-1849,1849,1.11,FALSE
758,7.5,0.81,60331.5,10-627/19-1849,1849,1.00,TRUE
759,0.2,0.73,755.37,02-613/08-2065,2065,1.00,TRUE
760,0.2,0.73,1010.43,02-614/08-2065,2065,1.00,TRUE
761,0.4,0.73,1795.23,05-616/09-2065,2065,1.00,TRUE
762,0.4,0.73,2727.18,05-617/09-2065,2065,1.00,TRUE
763,0.75,0.73,4022.1,1-618/10-2065,2065,1.00,TRUE
764,0.75,0.73,7161.3,1-619/11-2065,2065,1.00,TRUE
765,1.5,0.73,7946.1,2-620/11-2065,2065,1.00,TRUE
766,1.5,0.73,11183.4,2-621/11-2065,2065,1.00,TRUE
767,2.2,0.73,14126.4,3-622/13-2065,2065,1.00,TRUE
768,2.2,0.73,17903.25,3-623/16-2065,2065,1.00,TRUE
769,3.7,0.73,23053.5,5-624/16-2065,2065,1.00,TRUE
770,3.7,0.73,29920.5,5-625/17-2065,2065,1.00,TRUE
771,5.5,0.73,40613.4,8-626/19-2065,2065,1.00,TRUE
772,5.5,0.73,60331.5,8-627-19-2065,2065,1.00,TRUE
773,7.5,0.73,60331.5,10-627/19-2065,2065,1.00,TRUE
774,0.2,0.59,755.37,02-613/08-2537,2537,1.00,TRUE
775,0.2,0.59,1010.43,02-614/08-2537,2537,1.00,TRUE
776,0.4,0.59,2727.18,05-617/09-2537,2537,1.00,TRUE
777,0.4,0.59,4022.1,05-618/09-2537,2537,1.00,TRUE
778,0.75,0.59,4022.1,1-618/10-2537,2537,1.00,TRUE
779,0.75,0.59,7161.3,1-619/11-2537,2537,1.00,TRUE
780,1.5,0.59,7946.1,2-620/11-2537,2537,1.00,TRUE
781,1.5,0.59,11183.4,2-621/13-2537,2537,1.00,TRUE
782,2.2,0.59,17903.25,3-623/16-2537,2537,1.00,TRUE
783,2.2,0.59,23053.5,3-624/16-2537,2537,1.00,TRUE
784,3.7,0.59,29920.5,5-625/17-2537,2537,1.00,TRUE
785,5.5,0.59,40613.4,8-626/19-2537,2537,1.00,TRUE
786,5.5,0.59,60331.5,8-627/19-2537,2537,1.00,TRUE
787,7.5,0.59,60331.5,10-627/19-2537,2537,1.00,TRUE
788,0.2,0.49,755.37,02-613/08-3045,3045,1.00,TRUE
789,0.2,0.49,1010.43,02-614/08-3045,3045,1.00,TRUE
790,0.4,0.49,2727.18,05-617/09-3045,3045,1.00,TRUE
791,0.4,0.49,4022.1,05-618/10-3045,3045,1.00,TRUE
792,0.75,0.49,7161.3,1-619/11-3045,3045,1.00,TRUE
793,1.5,0.49,9368.55,2-621/13-3045,3045,1.00,TRUE
794,1.5,0.49,12262.5,2-622/13-3045,3045,1.00,TRUE
795,2.2,0.49,15892.2,3-623/16-3045,3045,1.00,TRUE
796,2.2,0.49,20110.5,3-624/16-3045,3045,1.00,TRUE
797,3.7,0.49,25996.5,5-625/17-3045,3045,1.00,TRUE
798,5.5,0.49,34727.4,8-626/19-3045,3045,1.00,TRUE
799,5.5,0.49,60331.5,8-627/19-3045,3045,1.00,TRUE
800,7.5,0.49,60331.5,10-627/19-3045,3045,1.00,TRUE
801,0.2,0.43,755.37,02-613/08-3481,3481,1.00,TRUE
802,0.2,0.43,1010.43,02-614/08-3481,3481,1.00,TRUE
803,0.4,0.43,2727.18,05-617/09-3481,3481,1.00,TRUE
804,0.4,0.43,4022.1,05-618/10-3481,3481,1.00,TRUE
805,0.75,0.43,7161.3,1-619/11-3481,3481,1.00,TRUE
806,0.75,0.43,8436.6,1-620/11-3481,3481,1.00,TRUE
807,1.5,0.43,11183.4,2-621/13-3481,3481,1.00,TRUE
808,1.5,0.43,14126.4,2-622/13-3481,3481,1.00,TRUE
809,2.2,0.43,17756.1,3-623/16-3481,3481,1.00,TRUE
810,2.2,0.43,23053.5,3-624/16-3481,3481,1.00,TRUE
811,3.7,0.43,29920.5,5-625/17-3481,3481,1.00,TRUE
812,5.5,0.43,40221,8-626/19-3481,3481,1.00,TRUE
813,5.5,0.43,60331.5,8-627/19-3481,3481,1.00,TRUE
814,7.5,0.43,60331.5,10-627/19-3481,3481,1.00,TRUE
815,0.2,0.34,755.37,02-613/08-4437,4437,1.00,TRUE
816,0.2,0.34,1010.43,02-614/08-4437,4437,1.00,TRUE
817,0.4,0.34,4022.1,05-618/10-4437,4437,1.00,TRUE
818,0.75,0.34,7161.3,1-619/11-4437,4437,1.00,TRUE
819,1.5,0.34,9319.5,2-621/13-4437,4437,1.00,TRUE
820,1.5,0.34,12507.75,2-622/13-4437,4437,1.00,TRUE
821,2.2,0.34,15696,3-623/16-4437,4437,1.00,TRUE
822,2.2,0.34,20110.5,3-624/16-4437,4437,1.00,TRUE
823,3.7,0.34,25996.5,5-625/17-4437,4437,1.00,TRUE
824,5.5,0.34,34531.2,8-626/19-4437,4437,1.00,TRUE
825,5.5,0.34,60331.5,8-627/19-4437,4437,1.00,TRUE
826,7.5,0.34,60331.5,10-627/19-4437,4437,1.00,TRUE
827,0.2,0.29,755.37,02-613/08-5133,5133,1.00,TRUE
828,0.2,0.29,1010.43,02-614/08-5133,5133,1.00,TRUE
829,0.4,0.29,4022.1,05-618/10-5133,5133,1.00,TRUE
830,0.75,0.29,7161.3,1-619/11-5133,5133,1.00,TRUE
831,0.75,0.29,8436.6,1-620/11-5133,5133,1.00,TRUE
832,1.5,0.29,11183.4,2-621/13-5133,5133,1.00,TRUE
833,1.5,0.29,14126.4,2-622/13-5133,5133,1.00,TRUE
834,2.2,0.29,17756.1,3-623/16-5133,5133,1.00,TRUE
835,2.2,0.29,23053.5,3-624/16-5133,5133,1.00,TRUE
836,3.7,0.29,29920.5,5-625/17-5133,5133,1.00,TRUE
837,5.5,0.29,40221,8-626/19-5133,5133,1.00,TRUE
838,5.5,0.29,60331.5,8-627/19-5133,5133,1.00,TRUE
839,7.5,0.29,60331.5,10-627/19-5133,5133,1.00,TRUE
840,0.2,0.24,755.37,02-613/09-6177,6177,1.00,TRUE
841,0.2,0.24,1010.43,02-614/09-6177,6177,1.00,TRUE
842,0.4,0.24,4022.1,05-618/10-6177,6177,1.00,TRUE
843,0.75,0.24,7161.3,1-619/11-6177,6177,1.00,TRUE
844,1.5,0.24,9319.5,2-621/13-6177,6177,1.00,TRUE
845,1.5,0.24,12507.75,2-622/13-6177,6177,1.00,TRUE
846,2.2,0.24,15696,3-623/16-6177,6177,1.00,TRUE
847,2.2,0.24,20110.5,3-624/16-6177,6177,1.00,TRUE
848,3.7,0.24,25996.5,5-625/17-6177,6177,1.00,TRUE
849,5.5,0.24,34531.2,8-626/19-6177,6177,1.00,TRUE
850,5.5,0.24,60331.5,8-6217/19-6177,6177,1.00,TRUE
851,7.5,0.24,60331.5,10-627/19-6177,6177,1.00,TRUE
852,0.2,0.2,755.37,02-613/09-7569,7569,1.00,TRUE
853,0.2,0.2,1010.43,02-614/09-7569,7569,1.00,TRUE
856,0.4,0.2,4022.1,05-618/10-7569,7569,1.00,TRUE
857,0.75,0.2,7161.3,1-619/11-7569,7569,1.00,TRUE
858,1.5,0.2,9319.5,2-621/13-7569,7569,1.00,TRUE
859,1.5,0.2,12507.75,2-622/13-7569,7569,1.00,TRUE
860,2.2,0.2,15696,3-623/16-7569,7569,1.00,TRUE
861,2.2,0.2,20110.5,3-624/16-7569,7569,1.00,TRUE
862,3.7,0.2,25996.5,5-625/17-7569,7569,1.00,TRUE
863,5.5,0.2,34335,8-626/19-7569,7569,1.00,TRUE
864,5.5,0.2,60331.5,8-627/19-7569,7569,1.00,TRUE
865,7.5,0.2,60331.5,10-627/19-7569,7569,1.00,TRUE
